{"stats":{"minecraft:picked_up":{"minecraft:bone":4,"minecraft:arrow":8,"minecraft:wheat_seeds":1},"minecraft:killed_by":{"minecraft:stray":1},"minecraft:custom":{"minecraft:time_since_rest":219553,"minecraft:crouch_one_cm":5946,"minecraft:play_time":221431,"minecraft:sprint_one_cm":105296,"minecraft:deaths":1,"minecraft:damage_taken":390,"minecraft:walk_one_cm":57114,"minecraft:sneak_time":2285,"minecraft:walk_under_water_one_cm":2361,"minecraft:mob_kills":2,"minecraft:jump":1344,"minecraft:damage_dealt":3306,"minecraft:leave_game":19,"minecraft:walk_on_water_one_cm":4903,"minecraft:time_since_death":219446,"minecraft:total_world_time":221431,"minecraft:fall_one_cm":6284,"minecraft:fly_one_cm":715389},"minecraft:used":{"minecraft:warden_spawn_egg":36,"minecraft:sculk_sensor":25,"minecraft:netherite_sword":34,"minecraft:netherite_axe":5,"minecraft:sculk_shrieker":2,"minecraft:sculk":79}},"DataVersion":3465}