{"stats":{"minecraft:killed_by":{"minecraft:stray":1},"minecraft:used":{"minecraft:warden_spawn_egg":36,"minecraft:sculk_sensor":25,"minecraft:netherite_sword":34,"minecraft:netherite_axe":5,"minecraft:sculk_shrieker":2,"minecraft:sculk":79},"minecraft:picked_up":{"minecraft:bone":4,"minecraft:arrow":8,"minecraft:wheat_seeds":1},"minecraft:custom":{"minecraft:time_since_rest":278678,"minecraft:crouch_one_cm":6053,"minecraft:play_time":280556,"minecraft:sprint_one_cm":126709,"minecraft:deaths":1,"minecraft:damage_taken":390,"minecraft:walk_one_cm":65865,"minecraft:sneak_time":2324,"minecraft:walk_under_water_one_cm":2615,"minecraft:mob_kills":2,"minecraft:jump":1649,"minecraft:damage_dealt":3326,"minecraft:leave_game":24,"minecraft:walk_on_water_one_cm":5793,"minecraft:time_since_death":278571,"minecraft:total_world_time":280556,"minecraft:fall_one_cm":7747,"minecraft:fly_one_cm":794119}},"DataVersion":3465}