{"stats":{"minecraft:killed_by":{"minecraft:stray":1},"minecraft:used":{"minecraft:warden_spawn_egg":36,"minecraft:sculk_sensor":25,"minecraft:netherite_sword":34,"minecraft:grass_block":13,"minecraft:netherite_axe":5,"minecraft:sculk_shrieker":2,"minecraft:sculk":79},"minecraft:picked_up":{"minecraft:bone":4,"minecraft:arrow":8,"minecraft:wheat_seeds":1},"minecraft:custom":{"minecraft:time_since_rest":326678,"minecraft:crouch_one_cm":6773,"minecraft:play_time":328556,"minecraft:sprint_one_cm":131599,"minecraft:deaths":1,"minecraft:damage_taken":390,"minecraft:walk_one_cm":73856,"minecraft:sneak_time":2471,"minecraft:walk_under_water_one_cm":2615,"minecraft:mob_kills":2,"minecraft:drop":1,"minecraft:jump":1828,"minecraft:damage_dealt":3326,"minecraft:leave_game":24,"minecraft:walk_on_water_one_cm":5793,"minecraft:time_since_death":326571,"minecraft:total_world_time":328556,"minecraft:fall_one_cm":7747,"minecraft:fly_one_cm":813841},"minecraft:dropped":{"minecraft:player_head":1}},"DataVersion":3465}