{"stats":{"minecraft:picked_up":{"minecraft:wheat_seeds":1},"minecraft:killed_by":{"minecraft:stray":1},"minecraft:used":{"minecraft:sculk_sensor":25,"minecraft:sculk_shrieker":2,"minecraft:sculk":79,"minecraft:warden_spawn_egg":36},"minecraft:custom":{"minecraft:jump":1139,"minecraft:time_since_rest":195553,"minecraft:damage_taken":390,"minecraft:walk_one_cm":45784,"minecraft:damage_dealt":65,"minecraft:crouch_one_cm":5935,"minecraft:leave_game":19,"minecraft:sprint_one_cm":95786,"minecraft:play_time":197431,"minecraft:time_since_death":195446,"minecraft:walk_on_water_one_cm":4903,"minecraft:deaths":1,"minecraft:sneak_time":2245,"minecraft:total_world_time":197431,"minecraft:walk_under_water_one_cm":2361,"minecraft:fall_one_cm":6284,"minecraft:fly_one_cm":686578}},"DataVersion":3465}